{"formatVersion":1,"suppressStripShine":true,"backgroundColor":"rgb(255, 184, 0)","foregroundColor":"rgb(255, 248, 230)","labelColor":"rgb(199, 171, 118)","locations":[{"latitude":40.7616455,"longitude":-73.8165652,"relevantText":"You're near the store! Show your coupon for $10 OFF 🎉"}],"coupon":{"headerFields":[],"primaryFields":[{"key":"offer","label":"OFFER","value":"🎁 NY Store Coupon ☕"}],"secondaryFields":[{"key":"merchant","label":"MERCHANT","value":"New York Store Test"}],"auxiliaryFields":[{"key":"expires","label":"EXPIRES","value":"3/9/2026"}],"backFields":[{"key":"terms","label":"TERMS & CONDITIONS","value":"Redeem this coupon at the merchant location. Subject to terms and conditions."},{"key":"store_location","label":"STORE LOCATION","value":"147-40 41st Ave, Flushing, NY 11355"}],"additionalInfoFields":[]},"serialNumber":"test-ny-001-test-user-999-1770454690696","passTypeIdentifier":"pass.com.hiraccoon.coupon","teamIdentifier":"ULZM5FW53S","organizationName":"HiRaccoon","description":"HiRaccoon Coupon","logoText":"NY Store","expirationDate":"2026-03-09T08:58:10.695Z","barcodes":[{"message":"test-ny-001-test-user-999-1770454690696","format":"PKBarcodeFormatQR","messageEncoding":"iso-8859-1"}]}